video_id,target_day30_views
7400582591771938090,0
7403167206978374958,0
7435124823820356906,0
7409800970143714606,0
7410935177553333550,0
7432809888033656095,0
7405432909278022955,0
7384996099955756331,0
7421705386400517406,0
7414296612047965470,0
7405005636637084974,0
7395033235912265002,0
7406526842401754398,0
7402767039548362027,0
7387202628826008874,0
7435131105532988718,0
7396537190651677983,0
7415091981367479595,0
7412051047176359211,0
7402406665280048415,0
7405803040613141803,0
7407214747952663850,0
7422061083000589614,0
7409483348420365614,0
7399134846527868190,0
7398308009585200427,0
7387968848881880366,0
7392787323831864619,0
7425026165921844523,0
7392370893202279723,0
7426170246320426286,0
7418401395553864967,0
7385679521246121223,0
7395342453454458158,0
7433936792929209642,0
7418353610259500334,0
7386109379944271146,0
7428787675060194606,0
7407207575680208174,0
7393145639640501535,0
7425088749089885471,0
7435474047145659678,0
7402046304215371051,0
7434382150364826910,0
7426899228078722334,0
7423959756324310314,0
7399096884222102826,0
7401682493629271342,0
7418739347882560811,0
7400612253604613422,0
7410551298208320814,0
7422834143098096927,0
7420976675564834079,0
7426577071427767598,0
7410943285612563755,0
7416901150449929502,0
7428366024162004255,0
7418358321180134687,0
7390964003364670750,0
7387204071054200106,0
7386453463162572062,0
7435057046040431915,0
7411363294361013546,0
7406460963798437166,0
7394633431608528171,0
7399101881882119454,0
7417674637351472426,0
7394640227144568110,0
7414995501646646574,0
7411672167026527534,0
7405433554634722606,0
7423902517496466718,0
7415749879533833518,0
7399810513766468907,0
7400238529617399070,0
7421350699532832031,0
7402078657465928991,0
7392808673279528222,0
7415404124210056490,0
7424703674397642030,0
7419489999558659359,0
7387182041995119918,0
7395049091043986730,0
7405754593310788906,0
7386835238007196958,0
7428371782471748910,0
7410622195556240683,0
7409867497534426398,0
7404237097919368490,0
7433974466306247943,0
7428754759886097707,0
7429095385358175534,0
7434774989301239071,0
7432845982120807722,0
7420586737040133419,0
7386805031988759839,0
7399860960682593582,0
7399415688378600735,0
7412400413778939167,0
7398299355205225771,0
7391627587631467818,0
7417607977567374635,0
7402396772443737387,0
7402042601689386270,0
7403118620764622110,0
7428081974922824990,0
7405416980687129886,0
7422057833253883179,0
7419135592329415978,0
7424004112133475614,0
7385784706400324906,0
7401295918844185887,0
7390515745320373546,0
7418740691058216238,0
7416905632097357086,0
7429465720859233566,0
7386422957406506283,0
7406513564241988895,0
7400537117132148011,0
7429514662275861791,0
7413606141797715230,0
7415747895900556586,0
7433258385459514667,0
7417597951901568298,0
7419101882007883054,0
7390556921536793902,0
7386834163959221534,0
7403170967855303979,0
7405750922518744363,0
7395354004898827551,0
7386810389679476014,0
7418032489047936286,0
7429183279326137631,0
7433298495043456302,0
7407610179648261406,0
7425044410687081771,0
7429508392458177835,0
7384593247043210539,0
7403119942674992426,0
7396524940805131550,0
7395003414947597610,0
7399125064660176158,0
7418707411667520810,0
7402014296873372934,0
7429551240448707871,0
7405075980164877614,0
7434755987778719006,0
7404603897848794410,0
7427305005612272926,0
7407617294114917678,0
7384597663850712366,0
7387184300464098591,0
7422835664300854558,0
7403571035041172766,0
7427704270004243755,0
7392013834191424811,0
7385388623253867807,0
7403157322547137835,0
7435126104500784427,0
7402410113312492830,0
7428442114956004651,0
7398018597068573994,0
7420195608205511979,0
7400568447739956510,0
7393500623703919902,0
7384197193470676266,0
7425819627881631007,0
7391988856859413803,0
7394959859441028383,0
7392389808795946270,0
7408689871612546346,0
7426534462911089966,0
7405760048045018398,0
7429487386511314219,0
7400903317452377386,0
7395349807084260654,0
7386427295763811614,0
7429142783031610667,0
7389824480929041710,0
7384994809880137002,0
7399799011646967082,0
7427255125485309215,0
7426146829030477099,0
7435085768453868843,0
7385708038809816366,0
7423174539900865838,0
7412028030144564510,0
7428790097413213482,0
7402453012570049822,0
7392401531842153774,0
7404605429533281582,0
7400968131398651179,0
7429536498334125342,0
7390528032202657054,0
7400190911205887263,0
7433605080915447070,0
7425421366616247595,0
7385708418293665066,0
7423179464898579758,0
7388354128382151982,0
7385042701953027374,0
7392038251499900191,0
7420996934216830251,0
7429188930160839978,0
7391620705374276906,0
7408701167305379115,0
7394227723796761898,0
7387939062126021930,0
7432881873254239531,0
7422145468760673567,0
7400936062324968747,0
7434347745135037739,0
7397256243208834346,0
7406532297777876254,0
7393131409604414751,0
7410616747654532394,0
7424655538329242911,0
7435118899743477022,0
7386443898270256426,0
7400537701524557099,0
7387941161249328430,0
7390180777595571487,0
7405078626628013342,0
7426529114862963998,0
7386820472593370414,0
7434681648970714411,0
7389027260826684702,0
7428767632909962542,0
7392397597501148459,0
7408016031983144238,0
7420970955939400991,0
7413938820191636779,0
7418008443040058655,0
7392392274816159018,0
7423180516393897247,0
7395005246159752491,0
7416917268908674350,0
7387975451173522731,0
7429525800497499422,0
7425069066311699754,0
7411331198053584158,0
7420204643348811054,0
7402756653801590046,0
7422852768647482666,0
7428727887777303850,0
7410199291588807979,0
7394968268567481631,0
7410956772648799534,0
7406546018109558046,0
7422078732065672491,0
7417294048228134187,0
7409852350698966315,0
7394960086201863470,0
7400913972762840362,0
7412049352065076522,0
7405033536081628459,0
7411005232026553631,0
7385030378458795294,0
7399809501030829354,0
7398747883777936683,0
7407965474635664686,0
7432907264069078303,0
7413508837736549674,0
7428031998515481887,0
7420235476117867806,0
7429495899027655982,0
7413598688884297006,0
7399490260452855082,0
7417647768728046879,0
7414334985060109611,0
7392762322667769118,0
7394623624965000494,0
7400595520424578346,0
7407608564271025454,0
7427656492729371946,0
7427994394915065119,0
7411689535488199979,0
7384957309576809759,0
7390177484827790622,0
7419844303398178090,0
7405036418600275246,0
7397198664294288670,0
7434712238608567598,0
7394959055652932906,0
7400532286430645546,0
7410175337646132522,0
7395046297935367466,0
7392751274820750622,0
7395414429183003934,0
7418004597601586474,0
7399428049315401002,0
7403136001821936939,0
7385339319537634606,0
7398696636412628266,0
7422081620112346411,0
7395756149515111723,0
7415445913704926506,0
7400254248883096874,0
7429540747432561963,0
7389764738965589279,0
7420592303825227051,0
7389403396215721259,0
7409145825797901599,0
7423212846521027883,0
7420261050337217838,0
7394610117183917342,0
7433954474235940126,0
7421378987148037406,0
7384575308319509802,0
7425417968772861215,0
7415448300322655531,0
7394304560434597166,0
7398700283506838830,0
7412041491641584927,0
7426883927329000735,0
7403497455452491050,0
7395801216229330206,0
7394612767757471006,0
7414994317258919198,0
7415397552939420971,0
7395352300631411998,0
7419834661708238123,0
7422813374213262635,0
7389091579316981038,0
7389486626503757098,0
7387933753944870175,0
7396163828511395118,0
7420608648449248543,0
7392766090905931051,0
7418431055541128490,0
7423219891802492190,0
7433964421753474346,0
7407995977350630687,0
7421773158308384042,0
7413919495514869022,0
7392057702962253087,0
7401697666700299563,0
7429507538544086315,0
7387967752755105067,0
7398334195405294891,0
7423231507571002666,0
7389097864774831403,0
7405070388075482411,0
7427635514955681067,0
7388293919039048991,0
7426181853121383722,0
7421392218679774506,0
7410985484731665710,0
7423608542239804702,0
7398339831627091243,0
7427294163944721707,0
7411295476340886826,0
7404240406524775711,0
7429495389381791019,0
7433941383028804894,0
7388302551424273695,0
7397213980906802462,0
7426925064852950314,0
7387628532383452458,0
7409060904953859374,0
7401642893900893445,0
7385340393581448494,0
7426872690381737247,0
7398712566375075115,0
7398007148438883627,0
7426929611105193262,0
7389395496760036650,0
7428030705935994154,0
7409116690690198814,0
7427247033351720238,0
7416891123186126110,0
7421360713245101358,0
7400575083112172831,0
7395742464155487534,0
7422075915041131822,0
7402473512465698078,0
7413527230707420447,0
7407630574699040043,0
7418407464669908245,0
7398349927606127915,0
7393879715712421163,0
7415365949727067423,0
7403932720469904671,0
7384290945795132702,0
7424661727138155807,0
7415441162653207850,0
7408375049180286250,0
7397586988041358638,0
7386445772125998379,0
7424270636438113567,0
7402393875828051231,0
7434334299891027243,0
7415816225286049055,0
7411661711326973226,0
7422051463226002730,0
7417322506526281002,0
7395777305232035115,0
7407235816231079211,0
7385700400219032878,0
7414667383672999210,0
7425107228211809579,0
7386847268080454955,0
7391290658176175403,0
7397987724830969134,0
7423623992394779935,0
7385745527989603630,0
7423217345629392158,0
7400524197547592990,0
7424282716209810734,0
7416154005153271082,0
7398335505793813803,0
7386435551223631135,0
7385374732767759662,0
7389826284668505390,0
7411752599377988895,0
7396134872953195819,0
7412055821032541486,0
7413896742053170463,0
7387198951574916398,0
7388701496424107295,0
7388296821514423598,0
7434736587876912415,0
7433607368463617326,0
7410549670939741482,0
7425054744852417838,0
7384620730752814378,0
7416869876393872682,0
7398766701501877547,0
7429541108167773482,0
7390156670422371614,0
7419485885177007406,0
7385372761553751338,0
7385758657138543914,0
7396915871408606494,0
7384205914791841054,0
7386438802920705310,0
7427989116983233835,0
7426570865447587118,0
7395326241865420078,0
7423911282526489861,0
7395018022962318638,0
7398342470494457118,0
7433596551739575582,0
7384193851700956447,0
7410947420382563627,0
7387193752521035039,0
7400952784071298347,0
7394614531265154346,0
7434736299304553758,0
7402392058461310239,0
7393934196844039466,0
7387608580414803243,0
7391333019010829599,0
7387257706450619678,0
7388359966370893087,0
7384993289147059487,0
7421404759460023595,0
7426524693139803438,0
7400569448421264670,0
7421691490625178922,0
7421326589612346654,0
7415019093507558698,0
7401330867563531563,0
7394988969085177130,0
7418041399553166622,0
7420210658639203627,0
7432838520198270239,0
7433619569496837407,0
7435496840549764383,0
7384261918338469163,0
7423923595925114158,0
7428010528275959071,0
7413163917121211694,0
7404306277976788267,0
7384568214904196398,0
7400931668975996206,0
7415035847717915950,0
7413935453918727455,0
7391290115735227691,0
7384600223508663583,0
7391339380658523438,0
7403132688502131999,0
7418710881573309739,0
7389083608171957550,0
7420581229101206827,0
7399788370420862251,0
7388726083849571630,0
7385685044993608991,0
7402418576382102827,0
7400589294718536990,0
7386843181629033774,0
7401295239098469675,0
7397243510618852639,0
7423919094379973930,0
7413153773347966239,0
7391620637254520106,0
7403548894824516907,0
7409487330949467423,0
7411312786732797230,0
7405430892191157546,0
7386099410272488750,0
7413143559324437791,0
7413925155686124843,0
7416917118949657886,0
7403181042359717163,0
7429459156748307758,0
7426873679767850286,0
7425766248954252587,0
7404999414785363231,0
7393100378729925931,0
7391248175408958763,0
7406098033580051755,0
7407948888268623147,0
7418348844762598698,0
7425059684563897646,0
7392399378205560110,0
7412116772750511406,0
7413584649181531422,0
7434719154583702827,0
7384668972089740552,0
7403546718022765870,0
7414266674393746719,0
7411292592937372974,0
7424318469522459950,0
7394316887674375466,0
7426889469862759710,0
7407995827823594782,0
7433291010924629294,0
7395755756827512107,0
7426938990869171498,0
7407961383704284459,0
7415762833620667690,0
7415765026927037727,0
7390884805698686239,0
7389035149775654175,0
7415801296726330667,0
7405422873508203818,0
7388743114581773614,0
7404245465140645162,0
7388283704508042539,0
7390181099835591966,0
7422891211985259807,0
7433252033542589739,0
7387181363352341791,0
7406549649789603102,0
7433976974416153898,0
7400563587405597995,0
7390534465770097950,0
7412067333780426026,0
7433635785645051179,0
7402382030673055022,0
7429095146538536234,0
7384603756479941930,0
7415058600189545771,0
7399800966586912030,0
7418339401505213738,0
7427670441776516395,0
7415838639428554026,0
7415094777110154538,0
7414688650421701919,0
7416119166949723423,0
7425776657769729310,0
7403547370861923614,0
7403165429197278494,0
7397964768516115742,0
7402033494806777131,0
7384663720175242542,0
7425019239548865822,0
7394316065599180062,0
7399413726488628510,0
7403584029187984671,0
7390905975344991531,0
7392402919578012959,0
7405814428379270442,0
7428367426028342571,0
7398316817531325726,0
7427648909754862891,0
7415081871450656031,0
7384277925463510318,0
7408751367034047790,0
7432869346449362219,0
7403497795463777578,0
7392764616062962990,0
7400556163554692382,0
7402789043211128107,0
7395337594881477931,0
7395420708467232031,0
7403593622861516078,0
7393946839004794155,0
7414311119189462318,0
7387196035103214878,0
7428793083506052382,0
7419150148187589919,0
7417273060002123050,0
7385743995181321515,0
7397223426856979754,0
7422079637863320862,0
7413917731592097070,0
7426531577808801070,0
7427274662163533102,0
7392066331648068894,0
7402383238905302314,0
7427276776709098794,0
7398712029931932970,0
7399448619532733702,0
7433233099690986783,0
7402797592943283498,0
7406505388834622766,0
7396821962171059502,0
7402043768297278750,0
7384194754822655278,0
7386432036367650054,0
7426514326036548906,0
7415079821300075819,0
7408699443857411358,0
7398686249046871338,0
7398372832620612894,0
7403915084398873898,0
7433988853066714411,0
7384970458115902762,0
7410185562734300446,0
7423200412074806533,0
7412404598570339614,0
7401298171319667999,0
7390185779521146142,0
7408686969724669214,0
7425023634210688298,0
7391642926847167775,0
7420246646199471402,0
7429101009680551198,0
7384200334689848622,0
7403871159160245535,0
7402826894904790302,0
7410591861070662958,0
7427284374707637534,0
7393187470420004127,0
7414659951009844511,0
7405357237851409706,0
7413539903545281822,0
7386892633957879083,0
7413896132264201515,0
7414707552899845418,0
7395786015950081322,0
7394262789302373675,0
7402806057942142250,0
7400960437375831304,0
7426930983737363743,0
7420278984786611474,0
7405761825146473758,0
7400895229508750635,0
7415086687988043051,0
7391688475646397726,0
7411698892447829279,0
7406532633108303146,0
7423973132949720366,0
7393108657082322206,0
7386852423345720607,0
7396884785802530091,0
7385369497231822123,0
7391256241835609387,0
7409512035186265387,0
7411354476956683551,0
7386147782194728222,0
7396904852934413614,0
7405055879369837870,0
7386072032674434346,0
7426872257114279211,0
7409144043441098014,0
7409129417882029355,0
7398297302575664427,0
7403896836743875870,0
7407986364484046110,0
7391694498314702123,0
7398304513272073503,0
7425770443891641606,0
7402067709434940702,0
7387987928510680362,0
7421008504464346398,0
7389417793797541150,0
7399831042762411310,0
7426158329686281515,0
7408728957299756331,0
7405411562145697070,0
7407576457066892590,0
7418749866572008735,0
7429517796658253087,0
7416865995186326814,0
7397287435429793055,0
7400176270518127902,0
7391719892745145646,0
7399487779408825642,0
7404638377221311775,0
7404673995636755742,0
7412042402925415711,0
7386340025107008814,0
7399508584830111007,0
7387565233822289183,0
7435438213931470123,0
7428767985587948846,0
7434026754534034719,0
7417599188210355487,0
7401341884716649771,0
7427983606254996782,0
7393528234501098782,0
7420948790644854047,0
7410172864680365358,0
7407299792600157483,0
7405034913700924714,0
7390196710544346411,0
7412413064764575006,0
7407973184127143214,0
7424339078251957534,0
7419078726287117610,0
7435424238183484714,0
7423964646085774622,0
7386071478946598187,0
7414638235063766315,0
7392752650019736863,0
7416852482606845230,0
7418377541980802335,0
7402069243094748458,0
7424332453789093151,0
7425789599714200862,0
7423977966297763114,0
7407637730286374186,0
7419884825940741422,0
7419161558858681643,0
7395052777371749675,0
7387561824616549674,0
7427249138246389022,0
7433275244103650591,0
7395400285625011498,0
7388647355962395950,0
7389048708509224235,0
7419094436115713323,0
7400201718429977887,0
7403172804226534686,0
7418411105027935518,0
7404623838052404511,0
7428766746280070443,0
7398371682122992927,0
7386156294199102766,0
7410545982456204586,0
7395042428178189599,0
7407636530405149998,0
7393554802929634590,0
7402836468508691758,0
7423209128522403118,0
7407944258210155822,0
7414622083524644139,0
7408763701089602859,0
7402433598378282283,0
7398725174759099690,0
7428405535503846686,0
7394638516870860074,0
7403932221133999406,0
7392766761562623263,0
7399476787375246638,0
7400157756591705375,0
7417972542960373023,0
7393197780631686430,0
7415007678226779435,0
7395706313612774686,0
7389770130772856110,0
7434689659889798431,0
7384594973729082667,0
7398019184682077482,0
7427346558317890847,0
7412057785577278766,0
7415072173150178581,0
7435503385794792750,0
7427260861208595754,0
7398392248276159786,0
7396068689914776863,0
7423212755127242026,0
7407958823509544223,0
7423584028424523054,0
7419877268786531630,0
7433258881050086699,0
7425101285864639787,0
7389845960521682222,0
7395779709537144094,0
7401295511401057566,0
7402796367900462366,0
7417635846272060714,0
7419169332707626286,0
7392010165735656734,0
7426895289664933162,0
7415763144888323359,0
7423228738034208031,0
7404542212375186718,0
7400985493376224542,0
7385734096418377003,0
7417278662589877534,0
7411331112120667435,0
7411310928219655470,0
7395715368548863263,0
7434258973521382698,0
7426189046134721823,0
7429141874134371614,0
7423623194440994094,0
7390936545399754014,0
7429133387513744670,0
7389764419716435246,0
7397193956620111135,0
7411367691170368814,0
7395762477054692650,0
7425016437615398190,0
7394615855352663327,0
7413939005420588319,0
7393880922094882054,0
7416159412441681183,0
7395017550293241118,0
7399798770608688414,0
7433982765441371423,0
7406134647102508318,0
7400214362595806510,0
7399073352524156206,0
7419159620918283550,0
7423215929808440607,0
7409483880828374303,0
7385713307610647851,0
7428400999632571654,0
7402732222337535278,0
7424689634841496863,0
7393554921670364446,0
7434745441176128810,0
7400566079170366762,0
7407948989523447071,0
7397584349526265131,0
7391660927092903211,0
7410594067387583775,0
7417318444028316974,0
7398323764569672991,0
7398010996746472747,0
7395335401566752030,0
7434780991522098475,0
7391988699791117599,0
7385003689162984746,0
7425786259534122271,0
7395010211704196398,0
7400531895689219374,0
7390133310950837535,0
7423200157258255647,0
7386829702486428959,0
7427309474060258603,0
7426903547570113835,0
7405036189226454315,0
7427629577557511470,0
7409159408741043487,0
7413568124810743070,0
7434384517453925663,0
7392018102835350814,0
7407957461065387294,0
7387252499184471339,0
7408358508850105631,0
7403519563616357674,0
7424651011396242734,0
7435104195801304362,0
7386884018794515742,0
7402832351308385566,0
7426575357807054122,0
7424684597960576287,0
7435140435565219102,0
7388009686970289454,0
7407991992879287595,0
7387586660210330911,0
7426897349458349343,0
7396894240430624046,0
7425066746295356714,0
7390235003977878815,0
7408400883169398046,0
7394595649129286955,0
7413575469129321771,0
7421306885984357675,0
7424680199968607534,0
7400938561375178014,0
7425037123956264234,0
7397590936567418154,0
7409459404308860203,0
7408739302554799403,0
7412481644839374111,0
7384214115461451050,0
7396099421940763950,0
7402025198498729259,0
7393137181398748459,0
7405754346601811230,0
7416183903733435691,0
7392002998127398186,0
7433631684786097454,0
7414321050424593707,0
7410924769157074222,0
7424694193810951467,0
7401360693565410590,0
7413891790165626118,0
7408355235397209386,0
7385690797318065454,0
7416869229963595039,0
7403195763871714603,0
7389485289271545130,0
7401310296612097323,0
7384254157101829418,0
7391275954716347691,0
7414252129126337838,0
7428354375799622955,0
7403595606112898347,0
7416944729582996767,0
7407618875442957599,0
7394635807388126507,0
7396907049675738399,0
7396087098694094126,0
7410172550564613407,0
7426544227024145710,0
7427717955279916318,0
7385342068312247583,0
7426076055473032478,0
7419490755015806254,0
7417254770290855199,0
7420574225687334190,0
7423616242650467614,0
7421363279575960874,0
7420646745647959327,0
7434000156929887518,0
7429570583446211870,0
7423551981282741547,0
7384255424867962155,0
7411701646943587614,0
7389081832677051678,0
7416932844955700526,0
7408768039568690474,0
7384970726140382506,0
7429156075091299614,0
7395797378990640427,0
7415405679579565354,0
7414282015484284202,0
7427251367112166662,0
7400567792795176222,0
7408009000114998570,0
7424734316481072426,0
7403197342783999262,0
7417612316205845806,0
7425076036582378782,0
7408372699841498398,0
7400949495770385710,0
7389803937492143390,0
7409060728629366047,0
7420995984936815918,0
7384295081311866158,0
7434709448045825326,0
7392396362500934942,0
7407612246962228526,0
7418804365797887278,0
7387200823564029230,0
7428367716370730271,0
7395741836356242730,0
7418340545518505246,0
7427981206282636586,0
7407637457912499486,0
7424670439080840494,0
7401334079918050591,0
7429536580676685099,0
7392371291090636062,0
7421692631220030725,0
7423953349927537962,0
7393150552718265631,0
7398299297852263710,0
7395001656234085674,0
7387249093472537886,0
7399128588861066539,0
7435472501876018478,0
7412457068524768542,0
7400563482573147423,0
7402808688899034398,0
7402442088526171434,0
7427308766904732959,0
7398684979024203039,0
7410598088995261727,0
7393876235501243690,0
7412079482787384618,0
7432841836290493727,0
7387612252540521771,0
7389392999714704682,0
7429152585501658411,0
7395371056594226478,0
7410636281065098538,0
7425109824616221998,0
7386426669113920814,0
7385337536526388526,0
7398365656757996846,0
7384983868035779886,0
7414266147165572394,0
7397221859458321710,0
7406460804234743086,0
7387237746206706949,0
7397216448277564718,0
7410179663953268011,0
7402448859412139295,0
7401361586880924959,0
7393148983025208581,0
7385376360107117855,0
7384648452493397279,0
7386053398098873643,0
7411327654412111150,0
7433288733526330654,0
7401255591278071070,0
7393143789914869038,0
7424370585196629291,0
7426579036014513439,0
7387606907848150318,0
7402759889312943403,0
7392373937658727710,0
7389020061857500458,0
7418797517803982110,0
7410203478796291374,0
7415425241108794667,0
7398366678242970926,0
7392032641324780830,0
7429159424272387358,0
7419152031266409771,0
7433946067495931178,0
7412411877864557866,0
7385038492939586858,0
7409104220915289386,0
7420562602700344607,0
7423530832683355422,0
7394651349557808414,0
7434715867931299115,0
7412478285415812382,0
7392401794195901738,0
7398746473405402414,0
7404300684742446367,0
7396499365931601194,0
7400196719088061726,0
7394681457588866334,0
7415769462600682794,0
7391295259889732906,0
7420200764590607658,0
7384985850108448043,0
7384207980855676190,0
7429542051718499627,0
7409132620862508334,0
7415401524500712735,0
7405818686969269546,0
7395372140524064030,0
7394979796519898410,0
7397941507581480238,0
7422066833299197214,0
7398753064569605418,0
7397939795504188715,0
7398351928146595118,0
7407290288718482734,0
7390524116190743838,0
7403129543650856238,0
7414319447080684846,0
7408716338664901930,0
7385315576853318955,0
7409814843366165791,0
7389485467005111594,0
7432836348903542047,0
7386137461795081503,0
7398684386293484842,0
7409496905832484142,0
7432907582852910379,0
7397630220963990815,0
7387911558216666399,0
7399417049161780523,0
7389030009916149023,0
7424286252578426142,0
7393563741142535470,0
7386488145539304735,0
7417605161083751710,0
7406458872015113503,0
7426163151063797038,0
7402435390482828586,0
7400915236896689438,0
7395709242164006190,0
7414300392240024874,0
7409885912836033838,0
7413947582830906655,0
7415739563118791942,0
7434318749081275694,0
7410939360125734187,0
7395800346339085598,0
7415377435409255726,0
7416135098128502047,0
7433960547630206254,0
7414292458302901547,0
7403891474292608287,0
7410916850516659487,0
7417670552573299998,0
7407219448794352926,0
7433297588129991979,0
7389453711795555630,0
7407274708145573163,0
7387945890117471519,0
7421722953328512287,0
7408700213558267182,0
7410544054657699114,0
7384583686013930782,0
7420574272852118814,0
7419152311089368350,0
7396870263993847082,0
7415755397585325342,0
7405768533516225838,0
7414622344456441118,0
7427702933392805162,0
7402839693538118942,0
7407987543263776043,0
7408775878869634334,0
7420960829341797674,0
7410917569588186398,0
7396497899489725742,0
7425031556370320686,0
7389030032934522155,0
7417253265513024814,0
7415470057154727210,0
7388311963350076714,0
7396863890283367711,0
7434305824920538398,0
7395359145559444778,0
7428734440232275242,0
7389067314479566126,0
7434730963977997599,0
7420979730733698346,0
7425801126647303467,0
7425393280113839402,0
7426908634862456106,0
7417616047852801311,0
7420230263805840682,0
7406127195392871711,0
7424706159703051551,0
7416128843750100266,0
7400588359292439850,0
7413882204670971167,0
7395391251836669215,0
7394268585582955806,0
7427265483088334110,0
7405765043331157294,0
7428728679666158891,0
7389829902406634783,0
7419839212461247790,0
7385341239933095211,0
7400574206754180395,0
7421674272143215914,0
7422811001722146094,0
7425757257230454046,0
7427278849244728606,0
7428808902357060906,0
7386121917708668202,0
7406465980001570079,0
7392056436051905838,0
7434698260997999915,0
7423956553448934699,0
7428405223095389470,0
7398676446803250462,0
7391252514529627434,0
7429468832852462890,0
7396822873274420523,0
7420965313279266079,0
7421347699372625198,0
7411335562130427167,0
7428018540478860575,0
7435130474999319851,0
7427336213415087390,0
7402851386217483551,0
7408329444689055018,0
7386847467217734955,0
7384602777055530282,0
7392747961484135722,0
7392428909888802091,0
7428797611034840350,0
7384605735444974894,0
7391290074211585311,0
7429551149583322399,0
7404255747460287790,0
7402080498278829355,0
7428779902763142431,0
7398376230635982111,0
7388337502211394859,0
7421340076178722094,0
7416897441384959238,0
7387182317346786603,0
7408336827205045550,0
7391644627956288799,0
7409814683273760005,0
7426917387854744878,0
7391993043043274014,0
7434728082168237354,0
7418348745076591902,0
7386825888098192683,0
7393526243968306475,0
7407265486137740574,0
7389841761805290795,0
7394249755460717855,0
7402816468989070635,0
7389770616355786014,0
7424372763902659886,0
7411288796735507743,0
7398756968753548574,0
7429498298479725867,0
7404677486904151339,0
7405045738822012190,0
7401639420228652318,0
7417650545340468522,0
7401681569758334238,0
7409138070705933611,0
7399436874286255390,0
7423561838996000043,0
7386814380043734315,0
7396510285898583338,0
7403878050678721838,0
7400225585290677550,0
7402442183602621738,0
7434762311144951082,0
7387999244050910494,0
7423908049795943722,0
7402754818994949419,0
7419091863946448174,0
7384985368178724126,0
7410559672412851486,0
7408372822059355422,0
7420584983598845230,0
7396910332003798318,0
7418403216406154538,0
7419140350138223918,0
7391665087376903467,0
7427662274518682923,0
7429474546979327278,0
7429539173587111210,0
7432835979687365918,0
7395793115182910763,0
7409510773040434474,0
7418717565821668651,0
7397249950272326943,0
7399830589378940203,0
7414683843069791530,0
7394239061621214506,0
7434681546159836459,0
7414297074470014238,0
7390553609244560671,0
7385014043808992555,0
7390937029753933102,0
7418397130810854686,0
7432816875987406111,0
7420999655779044650,0
7389428304433990942,0
7428194108067286302,0
7390194767612611886,0
7429468680485915946,0
7433609608888978731,0
7428044485189274923,0
7428429779160059182,0
7422118274571455790,0
7390137050684525855,0
7423913443142454558,0
7398742033713630494,0
7420624362908159262,0
7428782328048143622,0
7397259985119448362,0
7407229531389545771,0
7386458169687526686,0
7386464885141474602,0
7411705531431210271,0
7386100539181780232,0
7399827056843918634,0
7392023380188302597,0
7415471425735216414,0
7396823917228281096,0
7433618484812287278,0
7391263417140514078,0
7393190663510117674,0
7423162483109678382,0
7404291837151792427,0
7405352570924862762,0
7400546876103314734,0
7408006268687748395,0
7393893128291306794,0
7403168206988447018,0
7421714493182381342,0
7397225019920682282,0
7389448777570061611,0
7420942027476503839,0
7386839905298648366,0
7433605551935868190,0
7400919607210429738,0
7425435365881695518,0
7407621205487881515,0
7402807582106127658,0
7399840110730054955,0
7401695108434808106,0
7423552603142917418,0
7395750994967039262,0
7419546838476377374,0
7416172877474499870,0
7402082619459898667,0
7392374113031048478,0
7399792116072729899,0
7389101369275338027,0
7407294057321336094,0
7413175678960520491,0
7394212359612419374,0
7419469518411468078,0
7428029094501027115,0
7406521865541405998,0
7387183818148515115,0
7418002057451392299,0
7392804766725721386,0
7416106744494984478,0
7387548747284155690,0
7419086108245495082,0
7432830055698468127,0
7387981649809591598,0
7405347682639826222,0
7393916221155970334,0
7401638883546631470,0
7435074149669719327,0
7414251343621164319,0
7405018870278507822,0
7395756837359979822,0
7399467825015950622,0
7423919155662834986,0
7407603746093419819,0
7401357571082259743,0
7396174710377221422,0
7425397606479629610,0
7386065167064403246,0
7433614121737719082,0
7392092395963206954,0
7413939204876455199,0
7390172957185756447,0
7425109501809904926,0
7387625911538945322,0
7386069192019021098,0
7393174723808464171,0
7387241370051693867,0
7387219313289121067,0
7429160527449820462,0
7411352047469088031,0
7428382973721988395,0
7405388498468998430,0
7405047752037797166,0
7423195345099705643,0
7396488939114106154,0
7400192588877286687,0
7407607111678512430,0
7402011081440267550,0
7391251622774541610,0
7391992834976484639,0
7419076315476659487,0
7390503949897420075,0
7395732410870123807,0
7405767487108812063,0
7400187499794025774,0
7415458037046988074,0
7416142382212713759,0
7410991347089378590,0
7403912506504187179,0
7421679207815728427,0
7424351218144709934,0
7406155646153837855,0
7409890085744807210,0
7384212997520067886,0
7397616819151916331,0
7389429678404029727,0
7405736830219406622,0
7384236102875368735,0
7387980765243493662,0
7403519853862178079,0
7408351356525808942,0
7398720186737626399,0
7403161508672245022,0
7403893469695020319,0
7423597566115335454,0
7402053073448832286,0
7421360776801209642,0
7395712557010537759,0
7392749625045781790,0
7394650615156084010,0
7410541370093423902,0
7404267979208248594,0
7401338559204019486,0
7405361793234865454,0
7392370042941213998,0
7406493407687970094,0
7392386818269809963,0
7393842368019057951,0
7402456718308838687,0
7388668694462729502,0
7409073007114620202,0
7385771740271545643,0
7394270243926854942,0
7407670520440720682,0
7419132592773172526,0
7400627640303914282,0
7409499405562219818,0
7384595929703140654,0
7423179350792588587,0
7407236185472371999,0
7418378717161852203,0
7417230570536701215,0
7385027543277096234,0
7413194687755980063,0
7396825963792813354,0
7427653238553562414,0
7412412542288481567,0
7420196927607672110,0
7401666816814189854,0
7414294214424415519,0
7385337594139331886,0
7394264918192606494,0
7400609116051344682,0
7429468842172108075,0
7426555900174863659,0
7426918014580198699,0
7387586687729175851,0
7411349388640931118,0
7389778456608886059,0
7416879740419624235,0
7386467156592053535,0
7384938675731205407,0
7397929197076745514,0
7392030268380417326,0
7401325462154267950,0
7397190876868463903,0
7403207943971261742,0
7391307523669642527,0
7420633251494055214,0
7403120169280752926,0
7387945474340195614,0
7425786913950371102,0
7387169456646081823,0
7418042125029231877,0
7401288948091260191,0
7403167299861105962,0
7402455325699296542,0
7407959001876466975,0
7384612032558976299,0
7398666988853169451,0
7390155880957791519,0
7418370168985816363,0
7434718716899659051,0
7428392239870627103,0
7405819019913202975,0
7417290527718018334,0
7410183888389311790,0
7384658576314240299,0
7407128827744374058,0
7434682860147150126,0
7418755946899344683,0
7396847579956350238,0
7405746618860915998,0
7428790374765825285,0
7393585323265035550,0
7384217445483023658,0
7410953111407381806,0
7434336136325008670,0
7433960739297119518,0
7389800171820879134,0
7411294143453908267,0
7404625387713580331,0
7384564522704473375,0
7391676969928150302,0
7413571690506046766,0
7404980054305819910,0
7410921495486156074,0
7408330551997828382,0
7393859627189980462,0
7401260231151439134,0
7399410911917755678,0
7429194506567945518,0
7423545343700159786,0
7385759536860204331,0
7421332066609958187,0
7409827060790676767,0
7392768510042049823,0
7393877888157764907,0
7423601326522649886,0
7412094504733281579,0
7397634921117994286,0
7408346008079387950,0
7399099730459888926,0
7428402455668411690,0
7412482936546528543,0
7432806064627961134,0
7414279868591951147,0
7414357488562113835,0
7392379092047236394,0
7424328725845626154,0
7402030212642393374,0
7413149414702861598,0
7394939279719533870,0
7429495331806530846,0
7384208099479063854,0
7396906624683740458,0
7390130728203291947,0
7398325834991373573,0
7393533099671407915,0
7418783068321877291,0
7416151610063113515,0
7417974793569340702,0
7426145740222762270,0
7387913861229284650,0
7422862437629578526,0
7425056551435570463,0
7402463776294964522,0
7389465990268079390,0
7398011413949680926,0
7387940894655204650,0
7429151801078828331,0
7425049888284478763,0
7397610200854695199,0
7409477636675620127,0
7419906264303553834,0
7400916924227538219,0
7409812314498829614,0
7418371126126054698,0
7387904107031366958,0
7413615471401979179,0
7417675546617810219,0
7405412220718370091,0
7423552599485336875,0
7392380111326154015,0
7429181376232017195,0
7404639944607665451,0
7386481141475298602,0
7405740363828301098,0
7397980329518075178,0
7411321845099646239,0
7407647335175458079,0
7426204568502996267,0
7427673339801390367,0
7407964198166187295,0
7417640663916891435,0
7421334231349054762,0
7394643458809482526,0
7393155109699603758,0
7389055343579483422,0
7385376428725947678,0
7404624283852361003,0
7393888991365303582,0
7432844466836311339,0
7395021216920161579,0
7417654823195184430,0
7387604921912167723,0
7416878016946588974,0
7399051885220482347,0
7432904961949814062,0
7392062738950049070,0
7397608932140698922,0
7426951407426653471,0
7414643627948838174,0
7413529952567561503,0
7407659871333666090,0
7403547364838886699,0
7387568270217399583,0
7402038213172333866,0
7435495550570777886,0
7384226138840780074,0
7426156184987503915,0
7403888715833036078,0
7412481194941615390,0
7425767818714434847,0
7429176531848645931,0
7405750778125765931,0
7418423349757513006,0
7394956769426083118,0
7388275824815852843,0
7413929238719434015,0
7389395546789694763,0
7426148763854621998,0
7387623253986037022,0
7412445729928596767,0
7386794274102185259,0
7428060179461115141,0
7396096330948513030,0
7397988938532621610,0
7426127560964050206,0
7392406370055687470,0
7433963610726075691,0
7385759988091735339,0
7407960793028873514,0
7429470210681212191,0
7424347815742180654,0
7394978393663507755,0
7399451856621063466,0
7413177451888643358,0
7420983408433712426,0
7421311901050703150,0
7395369348954688811,0
7385310508477451563,0
7411752500006554922,0
7418019661444304170,0
7420214805220429102,0
7408035654761860394,0
7421699671292202283,0
7434381736315784490,0
7434393335806102827,0
7412501079780461870,0
7434741237187415326,0
7415009288768277790,0
7409887785135426859,0
7413951037972696351,0
7386467978436545823,0
7406188213590560031,0
7391330803961040159,0
7422102363718143275,0
7434699757190204703,0
7390522133274709290,0
7412450576073592094,0
7384993660284226862,0
7408346024743390506,0
7393104856418012462,0
7390607212562877738,0
7429527771795213611,0
7429115416200514862,0
7397989780933446954,0
7390168145002007851,0
7403489412010577198,0
7420202525292285214,0
7407662104221617438,0
7405018691387034911,0
7403138903194045739,0
7411339138198326559,0
7423536406099692843,0
7400583379785108778,0
7391659601374104863,0
7394231880704347422,0
7417973902871104798,0
7433603152902950175,0
7393476186833276190,0
7415040349732637983,0
7407953814550056222,0
7404259169257147679,0
7417996688855469354,0
7423217575309348139,0
7423597346644069663,0
7389412793562189099,0
7427301817861688606,0
7400625372892548394,0
7391692231582698782,0
7419112522751495466,0
7403548514522778910,0
7396912869155130667,0
7435472789781499167,0
7416181436585184543,0
7426887257421958446,0
7423186010734906655,0
7405803983958199598,0
7411721527541927198,0
7418021041810738463,0
7398682276789374238,0
7421682680078601515,0
7387578272801934623,0
7415840585912716575,0
7429540497309306142,0
7418711218753375519,0
7406144232680983838,0
7395757891275197727,0
7384650381000707370,0
7412502563435613482,0
7429180400351710507,0
7400537034437201194,0
7386834799316471082,0
7397991323946487070,0
7415744662327119147,0
7405448271184842030,0
7412467578381045022,0
7384207738194152735,0
7417625659117210911,0
7420652608177671467,0
7394304270792740138,0
7413597389694520607,0
7435145254824709406,0
7385021925359193375,0
7406105632471928107,0
7405019733315177771,0
7397248928216878379,0
7411289704735214879,0
7424687664772746539,0
7416912243868126506,0
7434328854686223659,0
7412430385163930910,0
7433245977491852587,0
7409133913538333994,0
7402796873834155307,0
7427626452796837163,0
7419873333925121323,0
7422855985095576874,0
7412485597073329450,0
7400910404077112619,0
7425461564997750047,0
7395392344788421919,0
7416195706639224106,0
7396465420112235807,0
7391676062066904350,0
7420956502799715615,0
7384965723157908782,0
7388736058030279982,0
7398764903433063726,0
7399069544125369631,0
7405726670944079134,0
7413570592240291118,0
7401646933829258526,0
7402068083394809119,0
7424326432622382379,0
7385345708569693486,0
7422109219245100331,0
7425447425608781099,0
7396165030577786154,0
7404661490793434410,0
7397625282879851819,0
7385706382315539754,0
7428387669748600106,0
7388007929259035947,0
7425761745060334890,0
7402753264329968939,0
7429131696487910686,0
7421724216124296491,0
7389437300385516842,0
7418731282881973547,0
7394993627501514014,0
7398759681117752619,0
7420565279639407915,0
7418333689840422187,0
7423571586197802283,0
7390900486276140319,0
7429483207554239787,0
7416914910610754858,0
7397200214332804395,0
7426543075331214634,0
7386073290495986990,0
7433271089498934574,0
7395727968158387499,0
7397628773505469738,0
7415421255286852907,0
7385688108202773803,0
7392429503244422430,0
7400203776860245290,0
7398309651311234347,0
7400573500932623658,0
7415089683820072222,0
7418763502552354094,0
7421678934355365163,0
7397961414456921387,0
7405768514759380255,0
7384194290215292190,0
7384220441553931550,0
7413563173460053278,0
7419105249551453470,0
7390147128095460654,0
7412042082845494571,0
7390526890731130155,0
7424291475522997546,0
7386844372823805214,0
7429479633801809182,0
7397238220934630702,0
7414299450413174046,0
7392380158306503982,0
7409449566048668970,0
7393521891736177951,0
7387204635402226990,0
7419496887725706526,0
7387191587433958699,0
7422055129139907871,0
7407958733927501099,0
7391684393229733150,0
7423578095937932586,0
7394287950034423082,0
7387977806220725546,0
7415018583157230879,0
7412436688116567342,0
7399492643299822890,0
7422072346523028779,0
7414662367805492522,0
7397651127405251882,0
7421720822710324526,0
7385661030044552478,0
7387210998807153962,0
7429137248978832686,0
7385378949473340702,0
7407946642332126495,0
7429474647705537823,0
7419087482718899498,0
7405755305310571806,0
7417962811327778079,0
7386805681329917214,0
7385326811380550954,0
7424662171113573674,0
7419114045502000414,0
7407615061453311275,0
7410173970349133087,0
7400605288950254891,0
7417599532331978015,0
7426887338879454494,0
7405422473107295534,0
7417994164467420422,0
7394611768279960874,0
7411718440349650222,0
7413978540145691934,0
7400587994861767982,0
7401672503220948270,0
7428801242513607979,0
7424695519026449695,0
7406185415310380319,0
7413180232292666666,0
7392737828322512158,0
7416150036423167263,0
7421759909626252587,0
7428405699882880299,0
7426580353407683886,0
7396131712410930475,0
7409880060510883103,0
7402437259645209902,0
7410276316173421867,0
7386479017668431146,0
7417286565950459166,0
7390959568236416286,0
7418426073605573931,0
7400920403461377310,0
7394683396213017899,0
7426509589551631646,0
7413941764811181342,0
7423187689568095518,0
7386836797763898655,0
7414639136956501291,0
7410586725015194922,0
7412486808686087466,0
7421356689506733358,0
7428413327778319659,0
7410594353971809567,0
7416206642078895390,0
7423619917053807902,0
7418811331714813204,0
7412500704549440799,0
7421716009301675294,0
7402760736520375583,0
7387940079987117343,0
7390547712262933791,0
7414336594489986335,0
7384583807111826718,0
7421700147978964267,0
7391631415458286894,0
7414302742098791722,0
7427240513650183467,0
7418726047237082411,0
7409871202946272543,0
7426880047652326686,0
7387607338376498478,0
7385335423687527711,0
7417989238072905002,0
7419090879832411422,0
7424340079755283755,0
7399434335159323935,0
7393876121831443754,0
7406092056805903658,0
7398300188072299807,0
7411737910036286750,0
7405813426917838122,0
7398693904343682347,0
7396480340593937710,0
7384938782707125550,0
7422136488223051054,0
7427304593211526431,0
7399049776521547051,0
7404977466608995615,0
7415369533105425694,0
7408692638674717982,0
7406527774657187103,0
7412075497997356319,0
7409153646144883999,0
7419102043446578478,0
7406162407258688799,0
7386437133772344618,0
7410550382549568811,0
7401285975407824174,0
7389409876788677919,0
7405018196538887454,0
7419834179300609326,0
7420237283502198058,0
7408414454246870315,0
7428786851328068906,0
7416132061720825134,0
7425463726431784238,0
7422136445646687530,0
7422108065907903787,0
7404637204921765151,0
7413532885845675295,0
7426882962580491566,0
7433631845595532574,0
7424690126892158251,0
7394653231030242606,0
7423572891662306603,0
7428398860076125482,0
7387934921131576618,0
7405797687850716447,0
7429194802463280427,0
7415079556630990122,0
7421769778483711274,0
7394267340382276895,0
7428741169024208159,0
7401318232746921247,0
7414713135371816238,0
7423255738849709358,0
7413557456401468714,0
7433973547501997342,0
7418407322931809579,0
7400153918958767406,0
7397232878892928299,0
7387962408058227999,0
7412097031897992491,0
7386826547283381534,0
7391270982087920926,0
7411346602905980191,0
7427257243063602474,0
7389081273282743594,0
7416874334221847851,0
7404630520371350814,0
7426928790410087726,0
7426130132433128735,0
7400200705757285662,0
7391694418182704430,0
7426498211457551659,0
7391270074402802987,0
7386126427684621614,0
7420244972831722798,0
7423939978398305579,0
7395371145811234094,0
7408717840070511893,0
7405360647837355295,0
7428452743657934111,0
7392048635258719518,0
7403175481480154410,0
7391295277342182687,0
7404999752087063838,0
7415795083406085419,0
7434718322786143531,0
7411731455103094059,0
7390526842165284138,0
7389791569789963563,0
7395763173988535598,0
7395014968787193131,0
7415376817533603114,0
7393871366346378538,0
7405345256314604842,0
7392013294631931166,0
7392765150622715167,0
7406494219919002911,0
7407958796313709854,0
7405005328649030942,0
7396486794285452586,0
7392071545776098603,0
7414326939764149547,0
7411660552721796358,0
7415074771622251807,0
7385375072032279851,0
7432890646857305386,0
7394214920243399978,0
7435102753518554410,0
7417277363672730911,0
7389045875340774702,0
7399445331496258846,0
7392789232990866718,0
7423566852946677022,0
7406127670599126314,0
7409445276374584607,0
7409070939159186731,0
7426571622296997163,0
7402761048425516319,0
7405388216347479338,0
7400939914210151710,0
7434731068416363822,0
7409063076420439338,0
7414292036938927390,0
7397591399752846623,0
7415802972942142750,0
7427697244360527110,0
7419851640221502763,0
7390524849149725998,0
7433637669248175402,0
7386122183858228511,0
7429484852426067242,0
7398341588105186602,0
7402475447348399403,0
7408787838575185183,0
7415033265473506606,0
7417686481138896171,0
7415735891953519915,0
7429156435293998367,0
7426959391649320235,0
7429504690691312939,0
7406521533587262763,0
7415451125588954398,0
7400183156349111598,0
7393927459772615967,0
7427280797314338091,0
7398344376931454239,0
7424330914492108074,0
7402417419257482527,0
7403520217629904170,0
7391697441206062367,0
7394269507893710123,0
7410572452264250655,0
7416877283882929451,0
7424678877689236779,0
7417637732002090286,0
7385763054316981550,0
7401707036314062122,0
7385393224363298079,0
7402032588438670622,0
7419459162779733279,0
7388367973787979051,0
7415076410324225323,0
7395349771193453854,0
7402769289738079519,0
7392012158646701354,0
7427313660143471903,0
7415057200667823403,0
7388656616301759775,0
7390189514901228831,0
7418006847904288031,0
7415783597669387566,0
7408411349820263710,0
7390929553293659435,0
7400560899569765678,0
7409521936637775147,0
7390560179575737630,0
7387907239320751390,0
7413896378117655839,0
7390150870555528478,0
7389060738293288234,0
7389853919880514847,0
7397608625608396062,0
7386450995456347423,0
7384569017698192670,0
7387994361423809838,0
7428008341751778603,0
7391676165418716458,0
7408007459274558762,0
7409872782395280682,0
7411328342760246558,0
7413953795765357854,0
7384205838946159902,0
7408777903455997226,0
7423590217640135979,0
7411313010469375263,0
7409817456098725166,0
7421027348503416095,0
7402031780259187999,0
7413231410368007454,0
7418796798543760671,0
7428400373469121835,0
7393534257869655326,0
7384646781092564254,0
7392043535823818015,0
7412501848449486111,0
7397202894119914794,0
7398375738509921566,0
7413191358166338859,0
7389410299939523883,0
7405405618565025054,0
7395380884729466158,0
7422804191980293422,0
7422055727092665646,0
7418059234195148075,0
7392439337444445470,0
7426201928159202602,0
7384615726096665899,0
7402386216152321322,0
7426145850578963743,0
7425060092753595691,0
7401667201138265387,0
7424373934230965547,0
7401352705811156255,0
7410928844015815967,0
7418811668890733867,0
7390907657181236511,0
7415824544738315566,0
7417652512456527150,0
7384200797862579498,0
7384651538918051103,0
7406147347962400042,0
7408407440187870494,0
7389405534195174686,0
7433242045277293866,0
7414639409133292842,0
7428457010745658655,0
7425861120734399790,0
7422827734713503022,0
7384991324551875883,0
7418021990528797995,0
7422848513547062558,0
7395013590920580395,0
7421005258362572075,0
7395345176157310239,0
7411293980782103851,0
7409899772582104351,0
7411355950931643678,0
7384210748752366891,0
7413199182321716522,0
7404661122374077727,0
7390548344591961374,0
7388002989950242091,0
7423168319676484895,0
7389834446398098718,0
7421387240770768159,0
7411701659039960350,0
7429479586175700270,0
7428354965422296350,0
7426165053751135534,0
7396449474270334238,0
7400590618671500575,0
7413226082117127467,0
7410916635885735199,0
7385700771943271710,0
7391674164958055711,0
7434332219042204959,0
7393174771845909803,0
7394665196377165086,0
7426176712678853931,0
7384612071989595434,0
7387917671133711647,0
7392410545397321002,0
7388734732189617451,0
7409097772030348574,0
7402770216675036458,0
7393484559339244843,0
7419844485183507758,0
7410234961267166510,0
7415052449582615854,0
7426193187389082910,0
7391275170121452830,0
7419080611928771883,0
7412103961454628142,0
7421302050690026782,0
7385391242013723934,0
7395704637589916959,0
7423612668637990186,0
7390583732639501611,0
7402818629135240491,0
7429521137488416030,0
7400974734609108270,0
7403155002837044526,0
7417670279205309738,0
7403923427356183850,0
7391678878466592031,0
7435056809792048426,0
7407261347248950558,0
7394214775208693023,0
7405796677854055723,0
7397225642485353774,0
7404236881422060830,0
7420199931266485550,0
7398769156398632223,0
7410972324746317099,0
7409063994306186542,0
7392774738935909662,0
7409133026657029406,0
7386072526209715498,0
7413515903180098858,0
7416936636124040479,0
7420240066334706974,0
7399828911334362410,0
7393855729213377838,0
7428414259564039430,0
7409429508723363079,0
7412435650852556074,0
7417967022186794282,0
7412076007529762079,0
7399882537646034219,0
7410945072314813738,0
7384978786787314974,0
7427278921097596206,0
7410571683066596638,0
7426158394865732894,0
7423565138298653998,0
7414307187301829918,0
7415640308932791595,0
7420625907574000926,0
7428774062236699947,0
7429172082665098527,0
7406112967122554155,0
7399829452454153515,0
7403945581816581422,0
7419110357190348074,0
7425100582362500398,0
7386115528089292075,0
7414328394302655787,0
7407952814707707167,0
7403215592431406366,0
7395728179446418734,0
7416128369642753310,0
7384649381527522602,0
7405386953018936606,0
7427246029818383658,0
7432895600074509611,0
7406127541037157662,0
7389110637177097515,0
7434406819713355050,0
7393526113064045854,0
7384588991645011246,0
7393477524841450783,0
7428431341378669866,0
7409854443404987691,0
7408009812694388010,0
7408723859802836254,0
7402757397040745759,0
7411708779101834538,0
7385711270911020319,0
7407211210476768554,0
7421357977300487467,0
7417251342273531179,0
7389486969291558175,0
7387225453666258219,0
7434737756632304938,0
7422863792670854420,0
7393877716673809710,0
7410935561197767978,0
7389429298513431854,0
7386847224535338271,0
7434319962510003486,0
7435093289830763818,0
7434725332504038699,0
7426190413448416558,0
7410591371179920671,0
7395797165081120018,0
7397858276051848479,0
7389085358765428010,0
7426508186829589791,0
7386808668253211947,0
7429550850130955551,0
7408689199785774379,0
7410208537277697322,0
7426581966616661290,0
7433233843039128874,0
7411004769935969579,0
7407953193964981546,0
7405004465163521322,0
7422820823485943083,0
7410615485181611295,0
7390549844642811157,0
7405384879820606763,0
7424276988698938666,0
7395742778300321054,0
7423221084461239595,0
7402756942117997867,0
7424290086474452270,0
7396106112946277674,0
7414293025767132458,0
7387172298576481567,0
7395377364697484575,0
7432808465459957034,0
7427261049834900778,0
7399427337529429278,0
7435080724702760238,0
7408696909260541214,0
7412047249485679902,0
7426572787097046314,0
7414652786136157471,0
7384658635915283754,0
7416886351141932331,0
7415422246107237662,0
7400901739760700715,0
7409896220417740063,0
7425401813840481566,0
7390885698569522462,0
7407213087398432042,0
7428803584482970911,0
7392037595783367967,0
7422831079054232863,0
7423946528668028202,0
7435145331588730155,0
7393884164115696927,0
7404665414262721834,0
7402047185044458795,0
7434325592121642271,0
7393126972857044267,0
7412104607666572574,0
7407672624114896170,0
7408952916758809899,0
7409841014501903646,0
7405814088690945326,0
7420629384215661854,0
7401216473135385886,0
7428744023260581162,0
7386074694400691502,0
7387551562073115946,0
7393887504690171179,0
7392423264657919278,0
7429536359775259946,0
7413163210586492202,0
7418427343095647534,0
7427239519386193195,0
7410540471920938283,0
7394240374769749291,0
7435433515371580702,0
7397199518267165983,0
7391656205074189599,0
7425463730592320811,0
7424679155326815518,0
7390941776648965407,0
7384975315463884075,0
7425404345899814174,0
7401367601827319071,0
7424271137091243307,0
7427336346739674414,0
7402451370042789151,0
7419083184610020638,0
7412050237235236139,0
7405366255747632414,0
7397236729285053738,0
7389401052308606238,0
7423587347909872938,0
7405005366590803243,0
7428021862732516650,0
7434684474476039454,0
7427674700920196398,0
7427677617534307626,0
7414703870137584942,0
7413968568519363871,0
7420597085763947806,0
7391707854668942622,0
7387953457883335967,0
7393111566373244202,0
7432862608870657326,0
7398746412248272171,0
7401269939644009758,0
7421325640093289759,0
7419884434129849646,0
7407986510944914730,0
7391662152756579627,0
7409440263162072363,0
7392400438450081054,0
7412433549002902827,0
7392010362306006314,0
7428760018683546922,0
7424299548216118574,0
7403879404184538411,0
7392366393653464350,0
7414285673793948971,0
7428403503611039022,0
7403179709447703854,0
7395702380962057502,0
7399047017093270826,0
7432830428601404702,0
7420197994655403294,0
7418363876762209566,0
7418023249105210655,0
7414728859125337375,0
7415452173561171246,0
7415366432365579550,0
7410939575067020586,0
7423567943436373278,0
7409100079493090590,0
7400186775148285226,0
7405422242064043306,0
7390187715951611167,0
7388288757750877482,0
7389094506659941674,0
7394256712141737247,0
7385005337599839531,0
7398318778544688390,0
7407572572998602014,0
7429510727162957099,0
7403889289056095530,0
7411366665675345198,0
7424684955181026591,0
7402046111126457642,0
7433987334225268011,0
7425019681985072426,0
7428748669303737630,0
7399109245708373279,0
7410641001276132639,0
7391994807121464619,0
7434697327912242463,0
7396894001615342891,0
7390563466207202606,0
7407231198910582022,0
7386444895021518126,0
7422797632474565931,0
7413896888467918126,0
7399116811528047914,0
7427326243256798495,0
7424668385394347307,0
7424734365705342251,0
7391297011175181598,0
7399882442162572575,0
7392753239709469982,0
7420240423731432734,0
7386479916658740523,0
7401671748116073759,0
7401349194927164702,0
7409808195377515822,0
7429513742691470622,0
7415841107038489902,0
7428449985798343982,0
7390884949538147614,0
7423565359329922335,0
7396115594002697515,0
7398737483032169758,0
7415785975164521759,0
7391284620718804254,0
7407942572657626398,0
7428772005580786987,0
7400572994130578730,0
7403887805530754346,0
7403861678703660319,0
7432805940665109790,0
7397935923729763630,0
7387549450224291105,0
7422805796997680414,0
7402820144449326378,0
7423905602075626795,0
7394233244494892318,0
7429114678594391326,0
7392023382474313006,0
7423566376339524906,0
7384975234455194923,0
7391313412590013738,0
7411314497425640734,0
7388300575768661290,0
7402459256424811819,0
7390955703168552235,0
7403555594726100254,0
7394611721924594975,0
7393475101947268398,0
7425077510485871902,0
7415439420721057055,0
7419108535394438431,0
7410545239913499946,0
7407601716838878507,0
7427277291480239391,0
7429494536948239662,0
7394276654580763946,0
7415784315440713002,0
7390573434113183006,0
7418363740065778986,0
7397247490451344682,0
7419885917193653534,0
7385409578894118186,0
7418391420458781994,0
7418047720272694559,0
7426142121813560622,0
7401282422483979550,0
7428392245440662830,0
7398712692954926378,0
7393184866998750494,0
7426645205954219306,0
7392808241819913515,0
7391713397437467946,0
7392743370382380334,0
7421354261365263647,0
7425397323137682730,0
7427309396188777770,0
7433201211123191083,0
7422043647048207646,0
7398333365394410783,0
7400926389282606382,0
7411698199473311019,0
7394637768917355822,0
7423977308807040299,0
7434737854028221739,0
7417285567152393503,0
7405371741486271775,0
7423565447615794475,0
7384246234141314347,0
7415010112009555206,0
7404675602680122666,0
7414296285257141547,0
7390523524328213790,0
7434006204269055275,0
7392404524104764703,0
7386432525863750954,0
7394238013087255839,0
7402033365307886894,0
7433273614125763870,0
7419877697960070405,0
7403907021793283371,0
7406146974061268255,0
7419107614576889130,0
7410549605781343530,0
7422871160758619422,0
7421681017888460075,0
7384628990734159150,0
7402379869973220651,0
7406476381699312927,0
7403885303758540078,0
7412397724315684127,0
7425072780091067691,0
7416193458890755370,0
7392759647817501983,0
7391618059313712414,0
7413523453179071790,0
7409141282305477918,0
7417962764951358762,0
7428365177038310686,0
7426173028536519967,0
7426534529239747883,0
7425804025683070251,0
7395001965681429791,0
7414304552649821482,0
7397633175498886442,0
7401309447311723819,0
7412420268628413739,0
7425810821743234347,0
7419469291398991135,0
7419920115715575046,0
7395797472355929374,0
7410546208587910443,0
7426537411099757854,0
7411309505944014126,0
7399511829287849258,0
7392456452159425834,0
7410928245186530606,0
7422806393071340846,0
7425473112986127646,0
7392789739352460574,0
7422117280181407007,0
7429556138179398942,0
7414270354371169579,0
7387972373737164074,0
7404303303523323178,0
7399794064985525535,0
7423575228766342443,0
7391272165951212842,0
7405785138220551455,0
7420208140328881454,0
7421726215226117406,0
7388695922991009066,0
7407573631355669790,0
7414287083763813678,0
7394592740350397702,0
7389766090827582750,0
7395011225014340894,0
7394982302985522474,0
7385715521993461035,0
7403963843250048286,0
7426555081799028014,0
7399798481210150190,0
7408313822072589611,0
7415087716926229803,0
7434751498032041262,0
7429120050323377451,0
7399074442372042015,0
7390950304927190303,0
7413979982831111467,0
7385032194659519790,0
7399130711396994350,0
7426131866073369902,0
7410977040255520030,0
7403215844567993630,0
7415382715802914091,0
7424323460253355294,0
7401636916422233390,0
7424343569210625323,0
7410919058075323679,0
7417962335760862495,0
7414652824337894698,0
7435505012756811051,0
7426509863552830750,0
7384650426488163630,0
7429130221267471662,0
7417220970450275630,0
7433993027749694751,0
7411321398553005355,0
7422070036170313006,0
7399439888107490603,0
7387946037543030047,0
7395347777754107178,0
7394995129813077279,0
7434688133653941534,0
7395335796217171231,0
7393872571625655598,0
7386820448887115039,0
7415773987801746731,0
7426127455632624926,0
7394593932732075294,0
7408399626933521695,0
7435450968231169323,0
7384958968801643819,0
7402440601930648862,0
7391684930637434142,0
7420628578267614507,0
7400175078136237343,0
7390174496969313579,0
7415091474326392094,0
7390949881034083614,0
7418407990132264235,0
7402014563706703134,0
7409077490536451374,0
7397223601818193183,0
7420934047406345514,0
7413973540946447647,0
7397216429583387950,0
7434351818521546026,0
7405811640848977194,0
7425835742619897130,0
7419116935801081119,0
7413927073997229343,0
7415806527010884907,0
7433223089904962862,0
7399477175247736107,0
7389762134814510367,0
7425061552123809055,0
7428789083301760287,0
7392799139525905706,0
7412041596411055402,0
7420634230360771871,0
7400547092852231466,0
7422838420533185823,0
7394628134496111915,0
7389759003435322655,0
7402811680847187230,0
7409089860654370091,0
7394296628699499806,0
7421026940259241258,0
7420219389502590254,0
7391702047705419051,0
7411376323433663790,0
7387568878630554911,0
7414728041760361771,0
7411282557955902766,0
7406129827213970734,0
7412479882413739294,0
7389833470991895854,0
7417682275447508270,0
7415829781188496683,0
7390575846794300714,0
7385734873874435358,0
7420532840263093546,0
7420253717339065646,0
7387619489321323819,0
7407987450754108702,0
7405771667294702891,0
7409839206001921310,0
7426877895395511595,0
7396847273331805470,0
7415098182683692318,0
7396132135070993695,0
7415062399251746090,0
7410603768137436446,0
7417236381262662958,0
7395021725181709610,0
7389790968330849579,0
7396847794872585518,0
7404696080832711982,0
7409434203864960286,0
7412406045437332779,0
7384996826140675370,0
7384177529092951338,0
7402829820079377706,0
7434698104529636638,0
7414354779746520366,0
7426904506631195947,0
7433636212595821867,0
7397946877745941806,0
7421323513392500014,0
7413602348443979051,0
7428420588592565534,0
7418775394477690142,0
7405074231429434666,0
7384244962147224863,0
7425098600004259103,0
7408029716524829982,0
7434306667946216750,0
7400568327317376286,0
7386105612838407454,0
7402764467605474603,0
7435144045095046431,0
7426892737326124330,0
7396900133901765931,0
7411662092454858027,0
7395048856699931934,0
7415782991638646047,0
7405775275440622879,0
7417594077740272927,0
7434746174243949867,0
7397989392343633194,0
7400575752732757278,0
7395727035122928938,0
7385040354476723502,0
7418359889262677291,0
7419476934427528490,0
7400546820079881515,0
7413904215707274539,0
7404998521616829742,0
7426577289946828078,0
7403922131957927211,0
7407944191050829102,0
7403561005999197486,0
7389105842294918442,0
7422064119609560350,0
7421322222842858798,0
7399130715872333063,0
7409503720368688430,0
7395364013825150251,0
7413141517268749611,0
7397207203486256427,0
7396916759581723950,0
7387602190556286250,0
7415374934987361566,0
7393109796469181738,0
7413586858757737770,0
7395030877329280287,0
7420974792897056030,0
7392010755287158046,0
7404310282740305194,0
7390523393218465067,0
7384628081870245166,0
7404271436468292910,0
7397182928503016734,0
7405423723009805599,0
7428453037666012447,0
7401715606006861099,0
7387194466446232874,0
7401653302292712747,0
7410067510256586014,0
7428046001941875998,0
7425790763197304107,0
7397249940738641183,0
7407267518143810846,0
7398711093570424094,0
7433935270132731178,0
7421361063314165035,0
7432884101369171242,0
7435062566386208042,0
7427984750708641054,0
7403553346818264351,0
7423624614137433375,0
7419826217752235307,0
7424366271946296606,0
7386823742179036447,0
7411296399871986987,0
7424660409610767658,0
7427320815466630446,0
7390593407628102958,0
7384222971503643935,0
7391274577176857898,0
7398763861739851039,0
7419480557064572190,0
7433639541220625695,0
7405787979882450206,0
7393870462691921194,0
7395712868814982431,0
7405396096056380702,0
7417253919266508062,0
7392809026574241067,0
7414345393607118110,0
7399813193058536734,0
7391641386103180586,0
7384215709175303467,0
7420255519769726251,0
7407238514791714079,0
7403956966105632042,0
7397925631989910830,0
7426504778697428267,0
7422103375547780383,0
7405758071080865067,0
7424314072436346154,0
7434352135715753258,0
7427983673896471850,0
7417995856667856159,0
7421364191363157279,0
7433621400809721118,0
7422799659157949738,0
7394503051006070058,0
7410608286975773994,0
7408705219636350238,0
7402475307711614239,0
7400953027705720095,0
7417667212971871531,0
7390583781482073390,0
7400991550794206510,0
7404670311439797512,0
7389030163775802670,0
7425412958114565419,0
7393125863388106026,0
7393488937379007787,0
7394981392234351914,0
7392408974978633006,0
7391295919955643691,0
7415389048744742174,0
7386433041842867498,0
7402104921715182890,0
7420250489054399774,0
7405719824472771886,0
7413515026398448942,0
7408693604736093486,0
7410577958945213742,0
7387977599709973790,0
7388339268659285279,0
7429488993735216430,0
7406111082701540639,0
7410638715850132766,0
7398303833174052127,0
7404676802074955038,0
7413152220520189227,0
7385685381670309151,0
7398680462928907562,0
7415070418379361579,0
7415379190825962794,0
7418426771290197291,0
7401366086882446622,0
7390132937213234478,0
7393863251278236958,0
7409156415337549086,0
7411687727206370565,0
7427650044528102702,0
7392028351105469738,0
7409113777397845278,0
7425801710494289183,0
7390971737870978335,0
7389042384044133675,0
7408025601296157983,0
7428029867456793887,0
7395042696022199583,0
7426559630605585707,0
7422047759345290542,0
7387571071106452766,0
7412431829036272939,0
7419097685698907422,0
7435054873424448799,0
7399497723420020014,0
7386832410144509226,0
7397607270172986654,0
7401283645484453150,0
7384986591766498606,0
7401326802653760811,0
7390182466851458346,0
7433964973220547883,0
7411312175005961514,0
7409155770203245855,0
7428024565424590110,0
7421334057016904990,0
7414653124926835998,0
7396469033534573855,0
7385714775470214442,0
7396153835502243078,0
7399830816072715563,0
7426201561354751262,0
7435116170954542378,0
7389018811032227118,0
7393164226103184686,0
7422847051060235563,0
7385739143155911967,0
7398715259399310623,0
7424286338498710814,0
7429548979001576734,0
7418706873316166954,0
7411011085492374826,0
7420569432470179102,0
7393495679752080682,0
7407591424826330411,0
7427331543414115626,0
7388735665803939118,0
7401705067717463338,0
7402465850764119342,0
7404233930360081695,0
7425405465346968863,0
7384268286478961963,0
7394220417432489247,0
7418794472605060382,0
7387264972746771743,0
7400627157136985387,0
7398690626209877290,0
7396508112410234143,0
7386822923509681450,0
7413887679235902750,0
7423543226662997278,0
7403501553912532270,0
7400200043073948971,0
7419462744371662126,0
7394985085138685214,0
7389442116524576006,0
7389426539928014122,0
7433243865911397663,0
7396091979941055790,0
7389810738694491423,0
7393182645661846827,0
7403180293621878058,0
7391642736333507870,0
7415075881254800671,0
7403205645500992810,0
7386821720834903342,0
7429117403713277215,0
7393885728083545374,0
7407673307933199646,0
7401263255882157354,0
7417646560625937707,0
7387982409435761963,0
7423197632501239082,0
7392405826482441502,0
7409098773156138282,0
7402400321349094687,0
7404985500823604522,0
7390141646425378078,0
7409099055852440878,0
7402811882513501470,0
7429139506273570079,0
7404990186536389918,0
7429141481102871838,0
7403536376764976415,0
7432846600185171242,0
7399093323484482846,0
7397940252259781931,0
7435467370174663982,0
7395751963989789982,0
7410872449270566175,0
7384955766727314719,0
7402452533760871710,0
7400985690684591402,0
7396915547872464170,0
7395781228487593246,0
7397558528992398623,0
7396084910055804206,0
7411284322440826154,0
7388684143795719466,0
7406527129829084447,0
7402075471078346015,0
7415766063951924523,0
7394254935401041182,0
7433290902900051231,0
7433291301946215710,0
7390885619674778910,0
7387927824692284714,0
7395797910517992747,0
7395707047188139294,0
7427621655494610222,0
7409454663973522719,0
7422058982417763614,0
7400568243666210094,0
7396880238975651102,0
7426553863844547871,0
7412415480448699679,0
7418010790654938398,0
7408398515107286303,0
7392411611270565150,0
7420236162209729838,0
7407579149717507370,0
7404645857737329951,0
7402388655412907310,0
7427668420923018539,0
7393871185320234271,0
7405781010484333855,0
7420661047238888746,0
7397558101219560710,0
7425822115888139566,0
7395333920432180486,0
7404271536078605574,0
7404628338523819294,0
7402378671798914334,0
7405385756845296927,0
7432898291513265450,0
7397193857647021354,0
7423256022145355013,0
7396889460236930334,0
7426212771651570990,0
7386080345180884255,0
7393848827318390046,0
7425762074661326123,0
7399079724623957278,0
7422084993142361387,0
7391299849964244270,0
7397238971648019742,0
7393132932124364078,0
7413891095492332846,0
7395726327942303006,0
7428439199319133471,0
7398675865569135915,0
7432846427950157099,0
7390519295307975967,0
7421780641076792607,0
7414318888621591851,0
7419883383829908782,0
7429098654780247327,0
7386471720183532830,0
7434768870398905642,0
7406094288574090539,0
7390157210262752554,0
7390539514910887211,0
7397941061592567082,0
7390958580263816491,0
7400231177900002602,0
7408393297476980010,0
7400909681876553003,0
7398009986967751966,0
7386092848254340394,0
7415766593763937566,0
7413206594357415211,0
7410547298008091935,0
7405439946170846495,0
7409526103712222495,0
7410202833171074324,0
7414655896195763487,0
7434012629510704415,0
7404303508939296005,0
7414640331418766623,0
7385753698322107694,0
7396450490755599646,0
7394227114775711022,0
7408706357488127262,0
7402665178577243423,0
